0,b,32.33,7.5,u,g,e,bb,1.585,t,f,0,t,s,420,0,2009-09-14,-
1,b,34.83,4.0,u,g,d,bb,12.5,t,f,0,t,g,?,0,2009-10-19,-
2,a,38.58,5.0,u,g,cc,v,13.5,t,f,0,t,g,980,0,2010-05-05,-
3,b,44.25,0.5,u,g,m,v,10.75,t,f,0,f,s,400,0,2009-09-29,-
4,b,44.83,7.0,y,p,c,v,1.625,f,f,0,f,g,160,2,2010-06-15,-
5,b,20.67,5.29,u,g,q,v,0.375,t,t,1,f,g,160,0,2009-12-12,-
6,b,34.08,6.5,u,g,aa,v,0.125,t,f,0,t,g,443,0,2010-02-12,-
7,a,19.17,0.585,y,p,aa,v,0.585,t,f,0,t,g,160,0,2009-11-17,-
8,b,21.67,1.165,y,p,k,v,2.5,t,t,1,f,g,180,20,2009-07-16,-
9,b,21.5,9.75,u,g,c,v,0.25,t,f,0,f,g,140,0,2009-09-12,-
10,b,49.58,19.0,u,g,ff,ff,0.0,t,t,1,f,g,94,0,2010-01-24,-
11,a,27.67,1.5,u,g,m,v,2.0,t,f,0,f,s,368,0,2010-02-01,-
12,b,39.83,0.5,u,g,m,v,0.25,t,f,0,f,s,288,0,2009-10-01,-
13,a,?,3.5,u,g,d,v,3.0,t,f,0,t,g,300,0,2010-04-02,-
14,b,27.25,0.625,u,g,aa,v,0.455,t,f,0,t,g,200,0,2009-07-30,-
15,b,37.17,4.0,u,g,c,bb,5.0,t,f,0,t,s,280,0,2010-08-04,-
16,b,?,0.375,u,g,d,v,0.875,t,f,0,t,s,928,0,2009-10-30,-
17,b,25.67,2.21,y,p,aa,v,4.0,t,f,0,f,g,188,0,2010-06-03,-
18,b,34,4.5,u,g,aa,v,1.0,t,f,0,t,g,240,0,2010-03-27,-
19,a,49,1.5,u,g,j,j,0.0,t,f,0,t,g,100,27,2009-08-24,-
20,b,62.5,12.75,y,p,c,h,5.0,t,f,0,f,g,112,0,2010-01-05,-
21,b,31.42,15.5,u,g,c,v,0.5,t,f,0,f,g,120,0,2010-01-06,-
22,b,?,5.0,y,p,aa,v,8.5,t,f,0,f,g,0,0,2010-05-10,-
23,b,52.33,1.375,y,p,c,h,9.46,t,f,0,t,g,200,100,2009-04-08,-
24,b,28.75,1.5,y,p,c,v,1.5,t,f,0,t,g,0,225,2009-05-12,-
25,a,28.58,3.54,u,g,i,bb,0.5,t,f,0,t,g,171,0,2009-07-19,-
26,b,23,0.625,y,p,aa,v,0.125,t,f,0,f,g,180,1,2009-08-10,-
27,b,?,0.5,u,g,c,bb,0.835,t,f,0,t,s,320,0,2009-11-06,-
28,a,22.5,11.0,y,p,q,v,3.0,t,f,0,t,g,268,0,2010-06-24,-
29,a,28.5,1.0,u,g,q,v,1.0,t,t,2,t,g,167,500,2010-03-15,-
30,b,37.5,1.75,y,p,c,bb,0.25,t,f,0,t,g,164,400,2009-12-09,-
31,b,35.25,16.5,y,p,c,v,4.0,t,f,0,f,g,80,0,2009-12-05,-
32,b,18.67,5.0,u,g,q,v,0.375,t,t,2,f,g,0,38,2010-01-22,-
33,b,25,12.0,u,g,k,v,2.25,t,t,2,t,g,120,5,2009-09-04,-
34,b,27.83,4.0,y,p,i,h,5.75,t,t,2,t,g,75,0,2010-01-12,-
35,b,54.83,15.5,u,g,e,z,0.0,t,t,20,f,g,152,130,2008-12-17,-
36,b,28.75,1.165,u,g,k,v,0.5,t,f,0,f,s,280,0,2009-11-20,-
37,a,25,11.0,y,p,aa,v,4.5,t,f,0,f,g,120,0,2009-06-15,-
38,b,40.92,2.25,y,p,x,h,10.0,t,f,0,t,g,176,0,2010-08-10,-
39,a,19.75,0.75,u,g,c,v,0.795,t,t,5,t,g,140,5,2009-06-23,-
40,b,29.17,3.5,u,g,w,v,3.5,t,t,3,t,g,329,0,2009-11-21,-
41,a,24.5,1.04,y,p,ff,ff,0.5,t,t,3,f,g,180,147,2010-03-28,-
42,b,24.58,12.5,u,g,w,v,0.875,t,f,0,t,g,260,0,2009-12-09,-
43,a,33.75,0.75,u,g,k,bb,1.0,t,t,3,t,g,212,0,2010-01-04,-
44,b,20.67,1.25,y,p,c,h,1.375,t,t,3,t,g,140,210,2009-07-17,-
45,a,25.42,1.125,u,g,q,v,1.29,t,t,2,f,g,200,0,2009-09-20,-
46,b,37.75,7.0,u,g,q,h,11.5,t,t,7,t,g,300,5,2009-10-14,-
47,b,?,0.625,u,g,k,v,0.25,f,f,0,f,g,380,2010,2009-10-22,-
48,b,18.17,10.25,u,g,c,h,1.085,f,f,0,f,g,320,13,2010-02-03,-
49,b,20,11.045,u,g,c,v,2.0,f,f,0,t,g,136,0,2009-04-06,-
50,b,20,0.0,u,g,d,v,0.5,f,f,0,f,g,144,0,2010-01-01,-
51,a,20.75,9.54,u,g,i,v,0.04,f,f,0,f,g,200,1000,2009-09-10,-
52,a,24.5,1.75,y,p,c,v,0.165,f,f,0,f,g,132,0,2010-06-14,-
53,b,32.75,2.335,u,g,d,h,5.75,f,f,0,t,g,292,0,2009-10-01,-
54,a,52.17,0.0,y,p,ff,ff,0.0,f,f,0,f,g,0,0,2009-10-18,-
55,a,48.17,1.335,u,g,i,o,0.335,f,f,0,f,g,0,120,2009-09-16,-
56,a,20.42,10.5,y,p,x,h,0.0,f,f,0,t,g,154,32,2009-08-24,-
57,b,50.75,0.585,u,g,ff,ff,0.0,f,f,0,f,g,145,0,2010-03-16,-
58,b,17.08,0.085,y,p,c,v,0.04,f,f,0,f,g,140,722,2009-12-24,-
59,b,18.33,1.21,y,p,e,dd,0.0,f,f,0,f,g,100,0,2010-02-12,-
60,a,32,6.0,u,g,d,v,1.25,f,f,0,f,g,272,0,2009-10-09,-
61,b,32.33,2.5,u,g,c,v,1.25,f,f,0,t,g,280,0,2009-09-13,-
62,b,18.08,6.75,y,p,m,v,0.04,f,f,0,f,g,140,0,2009-07-05,-
63,b,38.25,10.125,y,p,k,v,0.125,f,f,0,f,g,160,0,2009-08-06,-
64,b,30.67,2.5,u,g,cc,h,2.25,f,f,0,t,s,340,0,2009-05-04,-
65,b,18.58,5.71,u,g,d,v,0.54,f,f,0,f,g,120,0,2009-08-20,-
66,a,19.17,5.415,u,g,i,h,0.29,f,f,0,f,g,80,484,2010-03-08,-
67,a,18.17,10.0,y,p,q,h,0.165,f,f,0,f,g,340,0,2009-11-06,-
68,b,24.58,13.5,y,p,ff,ff,0.0,f,f,0,f,g,?,0,2009-07-21,-
69,b,16.25,0.835,u,g,m,v,0.085,t,f,0,f,s,200,0,2009-04-29,-
70,b,21.17,0.875,y,p,c,h,0.25,f,f,0,f,g,280,204,2009-11-16,-
71,b,23.92,0.585,y,p,cc,h,0.125,f,f,0,f,g,240,1,2009-09-17,-
72,b,17.67,4.46,u,g,c,v,0.25,f,f,0,f,s,80,0,2009-07-04,-
73,a,16.5,1.25,u,g,q,v,0.25,f,t,1,f,g,108,98,2009-12-06,-
74,b,23.25,12.625,u,g,c,v,0.125,f,t,2,f,g,0,5552,2009-12-21,-
75,b,17.58,10.0,u,g,w,h,0.165,f,t,1,f,g,120,1,2009-10-04,-
76,a,?,1.5,u,g,ff,ff,0.0,f,t,2,t,g,200,105,2010-01-02,-
77,b,29.5,0.58,u,g,w,v,0.29,f,t,1,f,g,340,2803,2010-04-03,-
78,b,18.83,0.415,y,p,c,v,0.165,f,t,1,f,g,200,1,2010-04-03,-
79,a,21.75,1.75,y,p,j,j,0.0,f,f,0,f,g,160,0,2009-02-10,-
80,b,23,0.75,u,g,m,v,0.5,f,f,0,t,s,320,0,2009-08-24,-
81,a,18.25,10.0,u,g,w,v,1.0,f,t,1,f,g,120,1,2009-12-08,-
82,b,25.42,0.54,u,g,w,v,0.165,f,t,1,f,g,272,444,2009-12-16,-
83,b,35.75,2.415,u,g,w,v,0.125,f,t,2,f,g,220,1,2010-01-10,-
84,a,16.08,0.335,u,g,ff,ff,0.0,f,t,1,f,g,160,126,2009-12-09,-
85,a,31.92,3.125,u,g,ff,ff,3.04,f,t,2,t,g,200,4,2009-10-06,-
86,b,69.17,9.0,u,g,ff,ff,4.0,f,t,1,f,g,70,6,2010-02-24,-
87,b,32.92,2.5,u,g,aa,v,1.75,f,t,2,t,g,720,0,2010-06-30,-
88,b,16.33,2.75,u,g,aa,v,0.665,f,t,1,f,g,80,21,2009-03-09,-
89,b,22.17,12.125,u,g,c,v,3.335,f,t,2,t,g,180,173,2010-05-02,-
90,a,57.58,2.0,u,g,ff,ff,6.5,f,t,1,f,g,0,10,2009-11-13,-
91,b,18.25,0.165,u,g,d,v,0.25,f,f,0,t,s,280,0,2010-05-13,-
92,b,23.42,1.0,u,g,c,v,0.5,f,f,0,t,s,280,0,2009-09-26,-
93,a,15.92,2.875,u,g,q,v,0.085,f,f,0,f,g,120,0,2010-03-16,-
94,a,24.75,13.665,u,g,q,h,1.5,f,f,0,f,g,280,1,2010-01-20,-
95,b,48.75,26.335,y,p,ff,ff,0.0,t,f,0,t,g,0,0,2009-12-16,-
96,b,23.5,2.75,u,g,ff,ff,4.5,f,f,0,f,g,160,25,2009-10-07,-
97,b,18.58,10.29,u,g,ff,ff,0.415,f,f,0,f,g,80,0,2009-09-03,-
98,b,27.75,1.29,u,g,k,h,0.25,f,f,0,t,s,140,0,2009-06-24,-
99,a,31.75,3.0,y,p,j,j,0.0,f,f,0,f,g,160,20,2010-03-16,-
100,a,24.83,4.5,u,g,w,v,1.0,f,f,0,t,g,360,6,2009-08-02,-
101,b,19,1.75,y,p,c,v,2.335,f,f,0,t,g,112,6,2010-07-08,-
102,a,16.33,0.21,u,g,aa,v,0.125,f,f,0,f,g,200,1,2009-04-04,-
103,a,18.58,10.0,u,g,d,v,0.415,f,f,0,f,g,80,42,2009-06-24,-
104,b,16.25,0.0,y,p,aa,v,0.25,f,f,0,f,g,60,0,2010-04-25,-
105,b,23,0.75,u,g,m,v,0.5,t,f,0,t,s,320,0,2009-09-16,-
106,b,21.17,0.25,y,p,c,h,0.25,f,f,0,f,g,280,204,2009-06-08,-
107,b,33.67,1.25,u,g,w,v,1.165,f,f,0,f,g,120,0,2009-12-18,-
108,a,29.5,1.085,y,p,x,v,1.0,f,f,0,f,g,280,13,2010-01-19,-
109,b,30.17,1.085,y,p,c,v,0.04,f,f,0,f,g,170,179,2009-07-01,-
110,?,40.83,3.5,u,g,i,bb,0.5,f,f,0,f,s,1160,0,2010-05-03,-
111,b,34.83,2.5,y,p,w,v,3.0,f,f,0,f,s,200,0,2010-04-13,-
112,b,?,4.0,y,p,i,v,0.085,f,f,0,t,g,411,0,2009-12-05,-
113,b,20.42,0.0,?,?,?,?,0.0,f,f,0,f,p,?,0,2009-12-17,-
114,a,33.25,2.5,y,p,c,v,2.5,f,f,0,t,g,0,2,2009-10-26,-
115,b,34.08,2.5,u,g,c,v,1.0,f,f,0,f,g,460,16,2009-11-04,-
116,a,25.25,12.5,u,g,d,v,1.0,f,f,0,t,g,180,1062,2009-11-30,-
117,b,34.75,2.5,u,g,cc,bb,0.5,f,f,0,f,g,348,0,2009-07-19,-
118,b,27.67,0.75,u,g,q,h,0.165,f,f,0,t,g,220,251,2010-03-20,-
119,b,47.33,6.5,u,g,c,v,1.0,f,f,0,t,g,0,228,2009-10-11,-
120,a,34.83,1.25,y,p,i,h,0.5,f,f,0,t,g,160,0,2009-07-01,-
121,a,33.25,3.0,y,p,aa,v,2.0,f,f,0,f,g,180,0,2009-10-21,-
122,b,28,3.0,u,g,w,v,0.75,f,f,0,t,g,300,67,2010-02-01,-
123,a,39.08,4.0,u,g,c,v,3.0,f,f,0,f,g,480,0,2010-03-02,-
124,b,42.75,4.085,u,g,aa,v,0.04,f,f,0,f,g,108,100,2010-06-25,-
125,b,26.92,2.25,u,g,i,bb,0.5,f,f,0,t,g,640,4000,2009-07-23,-
126,b,33.75,2.75,u,g,i,bb,0.0,f,f,0,f,g,180,0,2009-09-26,-
127,b,38.92,1.75,u,g,k,v,0.5,f,f,0,t,g,300,2,2009-07-30,-
128,b,62.75,7.0,u,g,e,z,0.0,f,f,0,f,g,0,12,2009-09-30,-
129,?,32.25,1.5,u,g,c,v,0.25,f,f,0,t,g,372,122,2010-02-28,-
130,b,26.75,4.5,y,p,c,bb,2.5,f,f,0,f,g,200,1210,2009-12-06,-
131,b,63.33,0.54,u,g,c,v,0.585,t,t,3,t,g,180,0,2010-03-04,-
132,b,27.83,1.5,u,g,w,v,2.25,f,t,1,t,g,100,3,2009-11-18,-
133,a,26.17,2.0,u,g,j,j,0.0,f,f,0,t,g,276,1,2010-04-06,-
134,b,22.17,0.585,y,p,ff,ff,0.0,f,f,0,f,g,100,0,2009-11-03,-
135,b,22.5,11.5,y,p,m,v,1.5,f,f,0,t,g,0,4000,2010-03-06,-
136,b,30.75,1.585,u,g,d,v,0.585,f,f,0,t,s,0,0,2009-03-20,-
137,b,36.67,2.0,u,g,i,v,0.25,f,f,0,t,g,221,0,2009-10-09,-
138,a,16,0.165,u,g,aa,v,1.0,f,t,2,t,g,320,1,2009-08-23,-
139,b,41.17,1.335,u,g,d,v,0.165,f,f,0,f,g,168,0,2009-02-08,-
140,a,19.5,0.165,u,g,q,v,0.04,f,f,0,t,g,380,0,2009-11-20,-
141,b,32.42,3.0,u,g,d,v,0.165,f,f,0,t,g,120,0,2009-06-29,-
142,a,36.75,4.71,u,g,ff,ff,0.0,f,f,0,f,g,160,0,2009-11-15,-
143,a,30.25,5.5,u,g,k,v,5.5,f,f,0,t,s,100,0,2009-10-07,-
144,b,23.08,2.5,u,g,ff,ff,0.085,f,f,0,t,g,100,4208,2009-09-12,-
145,b,26.83,0.54,u,g,k,ff,0.0,f,f,0,f,g,100,0,2009-12-28,-
146,b,16.92,0.335,y,p,k,v,0.29,f,f,0,f,s,200,0,2009-12-08,-
147,b,24.42,2.0,u,g,e,dd,0.165,f,t,2,f,g,320,1300,2009-09-21,-
148,b,42.83,1.25,u,g,m,v,13.875,f,t,1,t,g,352,112,2009-06-17,-
149,a,22.75,6.165,u,g,aa,v,0.165,f,f,0,f,g,220,1000,2009-12-05,-
150,b,39.42,1.71,y,p,m,v,0.165,f,f,0,f,s,400,0,2009-07-22,-
151,a,23.58,11.5,y,p,k,h,3.0,f,f,0,t,g,20,16,2009-09-17,-
152,b,21.42,0.75,y,p,r,n,0.75,f,f,0,t,g,132,2,2010-05-05,-
153,b,33,2.5,y,p,w,v,7.0,f,f,0,t,g,280,0,2009-11-14,-
154,b,26.33,13.0,u,g,e,dd,0.0,f,f,0,t,g,140,1110,2009-08-18,-
155,a,45,4.585,u,g,k,h,1.0,f,f,0,t,s,240,0,2010-01-26,-
156,b,26.25,1.54,u,g,w,v,0.125,f,f,0,f,g,100,0,2009-11-18,-
157,?,28.17,0.585,u,g,aa,v,0.04,f,f,0,f,g,260,1004,2010-04-18,-
158,a,20.83,0.5,y,p,e,dd,1.0,f,f,0,f,g,260,0,2009-09-23,-
159,b,28.67,14.5,u,g,d,v,0.125,f,f,0,f,g,0,286,2009-08-11,-
160,b,20.67,0.835,y,p,c,v,2.0,f,f,0,t,s,240,0,2009-07-28,-
161,b,34.42,1.335,u,g,i,bb,0.125,f,f,0,t,g,440,4500,2009-10-06,-
162,b,33.58,0.25,u,g,i,bb,4.0,f,f,0,t,s,420,0,2009-11-27,-
163,b,43.17,5.0,u,g,i,bb,2.25,f,f,0,t,g,141,0,2009-12-31,-
164,a,22.67,7.0,u,g,c,v,0.165,f,f,0,f,g,160,0,2010-03-11,-
165,a,24.33,2.5,y,p,i,bb,4.5,f,f,0,f,g,200,456,2010-01-25,-
166,a,56.83,4.25,y,p,ff,ff,5.0,f,f,0,t,g,0,4,2009-07-02,-
167,b,22.08,11.46,u,g,k,v,1.585,f,f,0,t,g,100,1212,2009-11-30,-
168,b,34,5.5,y,p,c,v,1.5,f,f,0,t,g,60,0,2009-04-07,-
169,b,22.58,1.5,y,p,aa,v,0.54,f,f,0,t,g,120,67,2009-07-20,-
170,b,21.17,0.0,u,g,c,v,0.5,f,f,0,t,s,0,0,2009-12-24,-
171,b,26.67,14.585,u,g,i,bb,0.0,f,f,0,t,g,178,0,2009-06-14,-
172,b,22.92,0.17,u,g,m,v,0.085,f,f,0,f,s,0,0,2010-01-17,-
173,b,15.17,7.0,u,g,e,v,1.0,f,f,0,f,g,600,0,2009-10-15,-
174,b,39.92,5.0,u,g,i,bb,0.21,f,f,0,f,g,550,0,2009-12-31,-
175,b,27.42,12.5,u,g,aa,bb,0.25,f,f,0,t,g,720,0,2010-03-08,-
176,b,24.75,0.54,u,g,m,v,1.0,f,f,0,t,g,120,1,2009-10-20,-
177,b,41.17,1.25,y,p,w,v,0.25,f,f,0,f,g,0,195,2009-11-03,-
178,a,33.08,1.625,u,g,d,v,0.54,f,f,0,t,g,0,0,2009-10-14,-
179,b,29.83,2.04,y,p,x,h,0.04,f,f,0,f,g,128,1,2009-03-28,-
180,a,23.58,0.585,y,p,ff,ff,0.125,f,f,0,f,g,120,87,2009-10-28,-
181,b,26.17,12.5,y,p,k,h,1.25,f,f,0,t,g,0,17,2009-08-23,-
182,b,31,2.085,u,g,c,v,0.085,f,f,0,f,g,300,0,2009-12-17,-
183,b,20.75,5.085,y,p,j,v,0.29,f,f,0,f,g,140,184,2010-04-15,-
184,b,28.92,0.375,u,g,c,v,0.29,f,f,0,f,g,220,140,2009-05-07,-
185,a,51.92,6.5,u,g,i,bb,3.085,f,f,0,t,g,73,0,2009-06-30,-
186,a,22.67,0.335,u,g,q,v,0.75,f,f,0,f,s,160,0,2010-03-09,-
187,b,34,5.085,y,p,i,bb,1.085,f,f,0,t,g,480,0,2009-12-26,-
188,a,69.5,6.0,u,g,ff,ff,0.0,f,f,0,f,s,0,0,2010-03-17,-
189,a,40.33,8.125,y,p,k,v,0.165,f,t,2,f,g,?,18,2009-09-09,-
190,a,19.58,0.665,y,p,c,v,1.0,f,t,1,f,g,2000,2,2009-10-22,-
191,b,16,3.125,u,g,w,v,0.085,f,t,1,f,g,0,6,2009-09-29,-
192,b,17.08,0.25,u,g,q,v,0.335,f,t,4,f,g,160,8,2009-10-01,-
193,b,31.25,2.835,u,g,ff,ff,0.0,f,t,5,f,g,176,146,2009-03-25,-
194,b,25.17,3.0,u,g,c,v,1.25,f,t,1,f,g,0,22,2009-08-30,-
195,a,22.67,0.79,u,g,i,v,0.085,f,f,0,f,g,144,0,2010-03-02,-
196,b,40.58,1.5,u,g,i,bb,0.0,f,f,0,f,s,300,0,2009-05-11,-
197,b,22.25,0.46,u,g,k,v,0.125,f,f,0,t,g,280,55,2010-01-18,-
198,a,22.25,1.25,y,p,ff,ff,3.25,f,f,0,f,g,280,0,2009-12-08,-
199,b,22.5,0.125,y,p,k,v,0.125,f,f,0,f,g,200,70,2009-08-07,-
200,b,23.58,1.79,u,g,c,v,0.54,f,f,0,t,g,136,1,2010-01-17,-
201,b,38.42,0.705,u,g,c,v,0.375,f,t,2,f,g,225,500,2010-04-15,-
202,a,26.58,2.54,y,p,ff,ff,0.0,f,f,0,t,g,180,60,2010-01-14,-
203,b,35,2.5,u,g,i,v,1.0,f,f,0,t,g,210,0,2009-10-26,-
204,b,20.42,1.085,u,g,q,v,1.5,f,f,0,f,g,108,7,2009-11-22,-
205,b,29.42,1.25,u,g,w,v,1.75,f,f,0,f,g,200,0,2010-01-26,-
206,b,26.17,0.835,u,g,cc,v,1.165,f,f,0,f,g,100,0,2009-11-10,-
207,b,33.67,2.165,u,g,c,v,1.5,f,f,0,f,p,120,0,2010-01-23,-
208,b,24.58,1.25,u,g,c,v,0.25,f,f,0,f,g,110,0,2009-07-27,-
209,a,27.67,2.04,u,g,w,v,0.25,f,f,0,t,g,180,50,2009-10-21,-
210,b,37.5,0.835,u,g,e,v,0.04,f,f,0,f,g,120,5,2010-02-28,-
211,b,49.17,2.29,u,g,ff,ff,0.29,f,f,0,f,g,200,3,2009-09-22,-
212,b,33.58,0.335,y,p,cc,v,0.085,f,f,0,f,g,180,0,2009-11-07,-
213,b,51.83,3.0,y,p,ff,ff,1.5,f,f,0,f,g,180,4,2010-02-20,-
214,b,22.92,3.165,y,p,c,v,0.165,f,f,0,f,g,160,1058,2009-09-14,-
215,b,21.83,1.54,u,g,k,v,0.085,f,f,0,t,g,356,0,2009-12-31,-
216,b,25.25,1.0,u,g,aa,v,0.5,f,f,0,f,g,200,0,2009-09-16,-
217,b,58.58,2.71,u,g,c,v,2.415,f,f,0,t,g,320,0,2009-11-25,-
218,b,19,0.0,y,p,ff,ff,0.0,f,t,4,f,g,45,1,2010-01-26,-
219,b,19.58,0.585,u,g,ff,ff,0.0,f,t,3,f,g,350,769,2009-08-02,-
220,a,53.33,0.165,u,g,ff,ff,0.0,f,f,0,t,s,62,27,2010-05-03,-
221,a,27.17,1.25,u,g,ff,ff,0.0,f,t,1,f,g,92,300,2009-03-12,-
222,b,25.92,0.875,u,g,k,v,0.375,f,t,2,t,g,174,3,2010-02-12,-
223,b,23.08,0.0,u,g,k,v,1.0,f,t,11,f,s,0,0,2009-08-29,-
224,b,39.58,5.0,u,g,ff,ff,0.0,f,t,2,f,g,17,1,2010-01-31,-
225,b,30.58,2.71,y,p,m,v,0.125,f,f,0,t,s,80,0,2008-11-27,-
226,b,17.25,3.0,u,g,k,v,0.04,f,f,0,t,g,160,40,2009-10-16,-
227,a,17.67,0.0,y,p,j,ff,0.0,f,f,0,f,g,86,0,2009-06-23,-
228,a,?,11.25,u,g,ff,ff,0.0,f,f,0,f,g,?,5200,2009-10-16,-
229,b,16.5,0.125,u,g,c,v,0.165,f,f,0,f,g,132,0,2009-07-01,-
230,a,27.33,1.665,u,g,ff,ff,0.0,f,f,0,f,g,340,1,2010-05-07,-
231,b,31.25,1.125,u,g,ff,ff,0.0,f,t,1,f,g,96,19,2009-11-15,-
232,b,20,7.0,u,g,c,v,0.5,f,f,0,f,g,0,0,2009-09-12,-
233,b,?,3.0,y,p,i,bb,7.0,f,f,0,f,g,0,1,2010-01-10,-
234,b,39.5,1.625,u,g,c,v,1.5,f,f,0,f,g,0,316,2009-11-18,-
235,b,36.5,4.25,u,g,q,v,3.5,f,f,0,f,g,454,50,2009-10-30,-
236,?,29.75,0.665,u,g,w,v,0.25,f,f,0,t,g,300,0,2009-12-21,-
237,b,52.42,1.5,u,g,d,v,3.75,f,f,0,t,g,0,350,2010-02-03,-
238,b,36.17,18.125,u,g,w,v,0.085,f,f,0,f,g,320,3552,2010-03-23,-
239,b,34.58,0.0,?,?,?,?,0.0,f,f,0,f,p,?,0,2010-04-28,-
240,b,29.67,0.75,y,p,c,v,0.04,f,f,0,f,g,240,0,2009-11-29,-
241,b,36.17,5.5,u,g,i,bb,5.0,f,f,0,f,g,210,687,2010-04-02,-
242,b,25.67,0.29,y,p,c,v,1.5,f,f,0,t,g,160,0,2009-11-07,-
243,a,24.5,2.415,y,p,c,v,0.0,f,f,0,f,g,120,0,2009-12-25,-
244,b,24.08,0.875,u,g,m,v,0.085,f,t,4,f,g,254,1950,2009-12-07,-
245,b,21.92,0.5,u,g,c,v,0.125,f,f,0,f,g,360,0,2009-09-21,-
246,a,36.58,0.29,u,g,ff,ff,0.0,f,t,10,f,g,200,18,2010-01-05,-
247,a,23,1.835,u,g,j,j,0.0,f,t,1,f,g,200,53,2009-07-26,-
248,a,27.58,3.0,u,g,m,v,2.79,f,t,1,t,g,280,10,2010-01-02,-
249,b,31.08,3.085,u,g,c,v,2.5,f,t,2,t,g,160,41,2009-12-11,-
250,a,30.42,1.375,u,g,w,h,0.04,f,t,3,f,g,0,33,2009-09-02,-
251,b,22.08,2.335,u,g,k,v,0.75,f,f,0,f,g,180,0,2010-03-28,-
252,b,16.33,4.085,u,g,i,h,0.415,f,f,0,t,g,120,0,2009-10-13,-
253,a,21.92,11.665,u,g,k,h,0.085,f,f,0,f,g,320,5,2009-07-28,-
254,b,21.08,4.125,y,p,i,h,0.04,f,f,0,f,g,140,100,2010-05-31,-
255,b,17.42,6.5,u,g,i,v,0.125,f,f,0,f,g,60,100,2009-10-28,-
256,b,19.17,4.0,y,p,i,v,1.0,f,f,0,t,g,360,1000,2010-06-20,-
257,b,20.67,0.415,u,g,c,v,0.125,f,f,0,f,g,0,44,2010-02-24,-
258,b,26.75,2.0,u,g,d,v,0.75,f,f,0,t,g,80,0,2009-04-15,-
259,b,23.58,0.835,u,g,i,h,0.085,f,f,0,t,g,220,5,2009-09-20,-
260,b,39.17,2.5,y,p,i,h,10.0,f,f,0,t,s,200,0,2010-02-25,-
261,b,22.75,11.5,u,g,i,v,0.415,f,f,0,f,g,0,0,2009-12-13,-
262,?,26.5,2.71,y,p,?,?,0.085,f,f,0,f,s,80,0,2009-10-24,-
263,a,16.92,0.5,u,g,i,v,0.165,f,t,6,t,g,240,35,2009-08-21,-
264,b,23.5,3.165,y,p,k,v,0.415,f,t,1,t,g,280,80,2009-06-08,-
265,a,17.33,9.5,u,g,aa,v,1.75,f,t,10,t,g,0,10,2009-09-12,-
266,b,23.75,0.415,y,p,c,v,0.04,f,t,2,f,g,128,6,2009-08-09,-
267,b,34.67,1.08,u,g,m,v,1.165,f,f,0,f,s,28,0,2009-07-04,-
268,b,74.83,19.0,y,p,ff,ff,0.04,f,t,2,f,g,0,351,2010-03-04,-
269,b,28.17,0.125,y,p,k,v,0.085,f,f,0,f,g,216,2100,2010-01-02,-
270,b,24.5,13.335,y,p,aa,v,0.04,f,f,0,t,g,120,475,2010-06-15,-
271,b,18.83,3.54,y,p,ff,ff,0.0,f,f,0,t,g,180,1,2010-02-24,-
272,?,45.33,1.0,u,g,q,v,0.125,f,f,0,t,g,263,0,2009-12-04,-
273,a,22.5,8.5,u,g,q,v,1.75,t,t,10,f,g,80,990,2010-01-14,-
274,a,28.58,1.665,u,g,q,v,2.415,t,f,0,t,g,440,0,2010-04-24,-
275,b,45.17,1.5,u,g,c,v,2.5,t,f,0,t,g,140,0,2009-12-27,-
276,b,41.58,1.75,u,g,k,v,0.21,t,f,0,f,g,160,0,2009-10-31,-
277,a,57.08,0.335,u,g,i,bb,1.0,t,f,0,t,g,252,2197,2009-08-07,-
278,a,55.75,7.08,u,g,k,h,6.75,t,t,3,t,g,100,50,2009-11-23,-
279,b,43.25,25.21,u,g,q,h,0.21,t,t,1,f,g,760,90,2009-10-09,-
280,a,25.33,2.085,u,g,c,h,2.75,t,f,0,t,g,360,1,2010-05-06,-
281,a,24.58,0.67,u,g,aa,h,1.75,t,f,0,f,g,400,0,2010-06-16,-
282,b,43.17,2.25,u,g,i,bb,0.75,t,f,0,f,g,560,0,2009-01-06,-
283,b,40.92,0.835,u,g,ff,ff,0.0,t,f,0,f,g,130,1,2010-03-19,-
284,b,31.83,2.5,u,g,aa,v,7.5,t,f,0,t,g,523,0,2009-10-03,-
285,a,33.92,1.585,y,p,ff,ff,0.0,t,f,0,f,g,320,0,2009-05-20,-
286,a,24.92,1.25,u,g,ff,ff,0.0,t,f,0,f,g,80,0,2009-08-12,-
287,b,35.25,3.165,u,g,x,h,3.75,t,f,0,t,g,680,0,2009-08-27,-
288,b,34.25,1.75,u,g,w,bb,0.25,t,f,0,t,g,163,0,2009-05-28,-
289,b,80.25,5.5,u,g,?,?,0.54,t,f,0,f,g,0,340,2009-09-10,-
290,b,19.42,1.5,y,p,cc,v,2.0,t,f,0,t,g,100,20,2010-01-29,-
291,b,42.75,3.0,u,g,i,bb,1.0,t,f,0,f,g,0,200,2009-09-16,-
292,b,19.67,10.0,y,p,k,h,0.835,t,f,0,t,g,140,0,2009-10-19,-
293,b,36.33,3.79,u,g,w,v,1.165,t,f,0,t,g,200,0,2010-04-18,-
294,b,30.08,1.04,y,p,i,bb,0.5,t,t,10,t,g,132,28,2010-03-15,-
295,b,44.25,11.0,y,p,d,v,1.5,t,f,0,f,s,0,0,2009-11-03,-
296,b,23.58,0.46,y,p,w,v,2.625,t,t,6,t,g,208,347,2009-12-06,-
297,?,42.25,1.75,y,p,?,?,0.0,f,f,0,t,g,150,1,2009-10-20,-
298,b,29.83,1.25,y,p,k,v,0.25,f,f,0,f,g,224,0,2010-01-28,-
299,b,20.08,0.25,u,g,q,v,0.125,f,f,0,f,g,200,0,2009-07-26,-
300,b,23.42,0.585,u,g,c,h,0.085,t,f,0,f,g,180,0,2009-07-10,-
301,a,29.58,1.75,y,p,k,v,1.25,f,f,0,t,g,280,0,2009-12-04,-
302,b,32.33,3.5,u,g,k,v,0.5,f,f,0,t,g,232,0,2009-09-29,-
303,b,?,0.04,y,p,d,v,4.25,f,f,0,t,g,460,0,2009-12-19,-
304,b,47.83,4.165,u,g,x,bb,0.085,f,f,0,t,g,520,0,2009-06-03,-
305,b,20,1.25,y,p,k,v,0.125,f,f,0,f,g,140,4,2010-04-01,-
306,b,27.58,3.25,y,p,q,h,5.085,f,t,2,t,g,369,1,2010-01-14,-
307,b,22,0.79,u,g,w,v,0.29,f,t,1,f,g,420,283,2009-07-13,-
308,b,19.33,10.915,u,g,c,bb,0.585,f,t,2,t,g,200,7,2009-05-24,-
309,a,38.33,4.415,u,g,c,v,0.125,f,f,0,f,g,160,0,2009-08-26,-
310,b,29.42,1.25,u,g,c,h,0.25,f,t,2,t,g,400,108,2009-08-05,-
311,b,22.67,0.75,u,g,i,v,1.585,f,t,1,t,g,400,9,2009-11-24,-
312,b,32.25,14.0,y,p,ff,ff,0.0,f,t,2,f,g,160,1,2009-11-04,-
313,b,29.58,4.75,u,g,m,v,2.0,f,t,1,t,g,460,68,2010-06-09,-
314,b,18.42,10.415,y,p,aa,v,0.125,t,f,0,f,g,120,375,2010-02-17,-
315,b,22.17,2.25,u,g,i,v,0.125,f,f,0,f,g,160,10,2010-04-26,-
316,b,18.83,0.0,u,g,q,v,0.665,f,f,0,f,g,160,1,2009-10-14,-
317,b,21.58,0.79,y,p,cc,v,0.665,f,f,0,f,g,160,0,2010-03-03,-
318,b,23.75,12.0,u,g,c,v,2.085,f,f,0,f,s,80,0,2009-12-26,-
319,b,22,7.835,y,p,i,bb,0.165,f,f,0,t,g,?,0,2009-07-29,-
320,b,36.08,2.54,u,g,ff,ff,0.0,f,f,0,f,g,0,1000,2010-03-07,-
321,b,29.25,13.0,u,g,d,h,0.5,f,f,0,f,g,228,0,2009-11-06,-
322,a,19.58,0.665,u,g,w,v,1.665,f,f,0,f,g,220,5,2009-08-10,-
323,a,22.92,1.25,u,g,q,v,0.25,f,f,0,t,g,120,809,2010-01-23,-
324,a,27.25,0.29,u,g,m,h,0.125,f,t,1,t,g,272,108,2009-07-26,-
325,a,38.75,1.5,u,g,ff,ff,0.0,f,f,0,f,g,76,0,2009-12-13,-
326,b,32.42,2.165,y,p,k,ff,0.0,f,f,0,f,g,120,0,2010-06-06,-
327,a,23.75,0.71,u,g,w,v,0.25,f,t,1,t,g,240,4,2009-06-29,-
328,b,18.17,2.46,u,g,c,n,0.96,f,t,2,t,g,160,587,2010-01-19,-
329,b,40.92,0.5,y,p,m,v,0.5,f,f,0,t,g,130,0,2009-08-04,-
330,b,19.5,9.585,u,g,aa,v,0.79,f,f,0,f,g,80,350,2010-02-12,-
331,b,28.58,3.625,u,g,aa,v,0.25,f,f,0,t,g,100,0,2009-12-22,-
332,b,35.58,0.75,u,g,k,v,1.5,f,f,0,t,g,231,0,2010-01-04,-
333,b,34.17,2.75,u,g,i,bb,2.5,f,f,0,t,g,232,200,2009-09-28,-
334,?,33.17,2.25,y,p,cc,v,3.5,f,f,0,t,g,200,141,2009-09-26,-
335,b,31.58,0.75,y,p,aa,v,3.5,f,f,0,t,g,320,0,2009-06-11,-
336,a,52.5,7.0,u,g,aa,h,3.0,f,f,0,f,g,0,0,2009-12-19,-
337,b,36.17,0.42,y,p,w,v,0.29,f,f,0,t,g,309,2,2009-06-14,-
338,b,37.33,2.665,u,g,cc,v,0.165,f,f,0,t,g,0,501,2009-10-23,-
339,a,20.83,8.5,u,g,c,v,0.165,f,f,0,f,g,0,351,2009-08-01,-
340,b,24.08,9.0,u,g,aa,v,0.25,f,f,0,t,g,0,0,2010-01-17,-
341,b,25.58,0.335,u,g,k,h,3.5,f,f,0,t,g,340,0,2008-06-29,-
342,a,35.17,3.75,u,g,ff,ff,0.0,f,t,6,f,g,0,200,2009-05-24,-
343,b,48.08,3.75,u,g,i,bb,1.0,f,f,0,f,g,100,2,2009-08-04,-
344,a,15.83,7.625,u,g,q,v,0.125,f,t,1,t,g,0,160,2010-02-19,-
345,a,22.5,0.415,u,g,i,v,0.335,f,f,0,t,s,144,0,2010-04-16,-
346,b,21.5,11.5,u,g,i,v,0.5,t,f,0,t,g,100,68,2009-12-22,-
347,a,23.58,0.83,u,g,q,v,0.415,f,t,1,t,g,200,11,2009-10-11,-
348,a,21.08,5.0,y,p,ff,ff,0.0,f,f,0,f,g,0,0,2009-07-21,-
349,b,25.67,3.25,u,g,c,h,2.29,f,t,1,t,g,416,21,2009-11-26,-
350,a,38.92,1.665,u,g,aa,v,0.25,f,f,0,f,g,0,390,2009-06-05,-
351,a,15.75,0.375,u,g,c,v,1.0,f,f,0,f,g,120,18,2009-10-15,-
352,a,28.58,3.75,u,g,c,v,0.25,f,t,1,t,g,40,154,2010-03-16,-
353,b,22.25,9.0,u,g,aa,v,0.085,f,f,0,f,g,0,0,2009-10-20,-
354,b,29.83,3.5,u,g,c,v,0.165,f,f,0,f,g,216,0,2009-11-12,-
355,a,23.5,1.5,u,g,w,v,0.875,f,f,0,t,g,160,0,2009-11-29,-
356,b,32.08,4.0,y,p,cc,v,1.5,f,f,0,t,g,120,0,2009-10-13,-
357,b,31.08,1.5,y,p,w,v,0.04,f,f,0,f,s,160,0,2009-05-17,-
358,b,31.83,0.04,y,p,m,v,0.04,f,f,0,f,g,0,0,2009-09-23,-
359,a,21.75,11.75,u,g,c,v,0.25,f,f,0,t,g,180,0,2009-09-07,-
360,a,17.92,0.54,u,g,c,v,1.75,f,t,1,t,g,80,5,2009-05-31,-
361,b,30.33,0.5,u,g,d,h,0.085,f,f,0,t,s,252,0,2009-10-15,-
362,b,51.83,2.04,y,p,ff,ff,1.5,f,f,0,f,g,120,1,2009-09-17,-
363,b,47.17,5.835,u,g,w,v,5.5,f,f,0,f,g,465,150,2009-12-01,-
364,b,25.83,12.835,u,g,cc,v,0.5,f,f,0,f,g,0,2,2010-03-17,-
365,a,50.25,0.835,u,g,aa,v,0.5,f,f,0,t,g,240,117,2010-01-23,-
366,?,29.5,2.0,y,p,e,h,2.0,f,f,0,f,g,256,17,2009-11-12,-
367,a,37.33,2.5,u,g,i,h,0.21,f,f,0,f,g,260,246,2010-01-03,-
368,a,41.58,1.04,u,g,aa,v,0.665,f,f,0,f,g,240,237,2009-10-30,-
369,a,30.58,10.665,u,g,q,h,0.085,f,t,12,t,g,129,3,2009-09-25,-
370,b,19.42,7.25,u,g,m,v,0.04,f,t,1,f,g,100,1,2009-12-24,-
371,a,17.92,10.21,u,g,ff,ff,0.0,f,f,0,f,g,0,50,2009-07-06,-
372,a,20.08,1.25,u,g,c,v,0.0,f,f,0,f,g,0,0,2010-02-21,-
373,b,19.5,0.29,u,g,k,v,0.29,f,f,0,f,g,280,364,2009-12-14,-
374,b,27.83,1.0,y,p,d,h,3.0,f,f,0,f,g,176,537,2010-04-12,-
375,b,17.08,3.29,u,g,i,v,0.335,f,f,0,t,g,140,2,2009-08-23,-
376,b,36.42,0.75,y,p,d,v,0.585,f,f,0,f,g,240,3,2009-11-28,-
377,b,40.58,3.29,u,g,m,v,3.5,f,f,0,t,s,400,0,2009-09-30,-
378,b,21.08,10.085,y,p,e,h,1.25,f,f,0,f,g,260,0,2009-09-02,-
379,a,22.67,0.75,u,g,c,v,2.0,f,t,2,t,g,200,394,2009-10-25,-
380,a,25.25,13.5,y,p,ff,ff,2.0,f,t,1,t,g,200,1,2009-08-20,-
381,b,17.92,0.205,u,g,aa,v,0.04,f,f,0,f,g,280,750,2010-05-23,-
382,b,35,3.375,u,g,c,h,8.29,f,f,0,t,g,0,0,2010-02-25,-
383,b,30.83,0.0,u,g,w,v,1.25,t,t,1,f,g,202,0,2008-10-25,+
384,a,58.67,4.46,u,g,q,h,3.04,t,t,6,f,g,43,560,2009-01-22,+
385,a,24.5,0.5,u,g,q,h,1.5,t,f,0,f,g,280,824,2008-06-29,+
386,b,27.83,1.54,u,g,w,v,3.75,t,t,5,t,g,100,3,2008-08-07,+
387,b,20.17,5.625,u,g,w,v,1.71,t,f,0,f,s,120,0,2008-06-23,+
388,b,32.08,4.0,u,g,m,v,2.5,t,f,0,t,g,360,0,2008-01-16,+
389,b,33.17,1.04,u,g,r,h,6.5,t,f,0,t,g,164,31285,2008-11-14,+
390,a,22.92,11.585,u,g,cc,v,0.04,t,f,0,f,g,80,1349,2008-10-25,+
391,b,54.42,0.5,y,p,k,h,3.96,t,f,0,f,g,180,314,2008-10-24,+
392,b,42.5,4.915,y,p,w,v,3.165,t,f,0,t,g,52,1442,2009-06-18,+
393,b,22.08,0.83,u,g,c,h,2.165,f,f,0,t,g,128,0,2009-02-11,+
394,b,29.92,1.835,u,g,c,h,4.335,t,f,0,f,g,260,200,2009-01-20,+
395,a,38.25,6.0,u,g,k,v,1.0,t,f,0,t,g,0,0,2009-06-24,+
396,b,48.08,6.04,u,g,k,v,0.04,f,f,0,f,g,0,2690,2008-09-12,+
397,a,45.83,10.5,u,g,q,v,5.0,t,t,7,t,g,0,0,2009-04-20,+
398,b,36.67,4.415,y,p,k,v,0.25,t,t,10,t,g,320,0,2009-04-01,+
399,b,28.25,0.875,u,g,m,v,0.96,t,t,3,t,g,396,0,2008-09-18,+
400,a,23.25,5.875,u,g,q,v,3.17,t,t,10,f,g,120,245,2009-06-22,+
401,b,21.83,0.25,u,g,d,h,0.665,t,f,0,t,g,0,0,2009-01-25,+
402,a,19.17,8.585,u,g,cc,h,0.75,t,t,7,f,g,96,0,2008-11-29,+
403,b,?,11.25,u,g,c,v,2.5,t,t,17,f,g,200,1208,2009-09-22,+
404,b,23.25,1.0,u,g,c,v,0.835,t,f,0,f,s,300,0,2008-11-15,+
405,a,47.75,8.0,u,g,c,v,7.875,t,t,6,t,g,0,1260,2008-12-19,+
406,a,27.42,14.5,u,g,x,h,3.085,t,t,1,f,g,120,11,2009-03-09,+
407,a,41.17,6.5,u,g,q,v,0.5,t,t,3,t,g,145,0,2008-06-29,+
408,a,15.83,0.585,u,g,c,h,1.5,t,t,2,f,g,100,0,2009-03-02,+
409,a,47,13.0,u,g,i,bb,5.165,t,t,9,t,g,0,0,2009-06-27,+
410,b,56.58,18.5,u,g,d,bb,15.0,t,t,17,t,g,0,0,2008-11-10,+
411,b,57.42,8.5,u,g,e,h,7.0,t,t,3,f,g,0,0,2009-07-26,+
412,b,42.08,1.04,u,g,w,v,5.0,t,t,6,t,g,500,10000,2008-12-30,+
413,b,29.25,14.79,u,g,aa,v,5.04,t,t,5,t,g,168,0,2009-05-16,+
414,b,42,9.79,u,g,x,h,7.96,t,t,8,f,g,0,0,2009-03-07,+
415,b,49.5,7.585,u,g,i,bb,7.585,t,t,15,t,g,0,5000,2009-03-23,+
416,a,36.75,5.125,u,g,e,v,5.0,t,f,0,t,g,0,4000,2008-11-04,+
417,a,22.58,10.75,u,g,q,v,0.415,t,t,5,t,g,0,560,2009-04-04,+
418,b,27.83,1.5,u,g,w,v,2.0,t,t,11,t,g,434,35,2008-09-02,+
419,b,27.25,1.585,u,g,cc,h,1.835,t,t,12,t,g,583,713,2008-12-02,+
420,a,23,11.75,u,g,x,h,0.5,t,t,2,t,g,300,551,2008-10-17,+
421,b,27.75,0.585,y,p,cc,v,0.25,t,t,2,f,g,260,500,2009-02-16,+
422,b,54.58,9.415,u,g,ff,ff,14.415,t,t,11,t,g,30,300,2008-11-27,+
423,b,34.17,9.17,u,g,c,v,4.5,t,t,12,t,g,0,221,2009-06-14,+
424,b,28.92,15.0,u,g,c,h,5.335,t,t,11,f,g,0,2283,2009-04-28,+
425,b,29.67,1.415,u,g,w,h,0.75,t,t,1,f,g,240,100,2009-01-21,+
426,b,39.58,13.915,u,g,w,v,8.625,t,t,6,t,g,70,0,2008-08-29,+
427,b,56.42,28.0,y,p,c,v,28.5,t,t,40,f,g,0,15,2008-08-23,+
428,b,54.33,6.75,u,g,c,h,2.625,t,t,11,t,g,0,284,2008-08-12,+
429,a,41,2.04,y,p,q,h,0.125,t,t,23,t,g,455,1236,2008-10-29,+
430,b,31.92,4.46,u,g,cc,h,6.04,t,t,3,f,g,311,300,2009-02-11,+
431,b,41.5,1.54,u,g,i,bb,3.5,f,f,0,f,g,216,0,2008-07-11,+
432,b,23.92,0.665,u,g,c,v,0.165,f,f,0,f,g,100,0,2009-03-18,+
433,a,25.75,0.5,u,g,c,h,0.875,t,f,0,t,g,491,0,2008-10-01,+
434,b,26,1.0,u,g,q,v,1.75,t,f,0,t,g,280,0,2009-11-27,+
435,b,37.42,2.04,u,g,w,v,0.04,t,f,0,t,g,400,5800,2009-01-21,+
436,b,34.92,2.5,u,g,w,v,0.0,t,f,0,t,g,239,200,2009-02-21,+
437,b,34.25,3.0,u,g,cc,h,7.415,t,f,0,t,g,0,0,2009-01-06,+
438,b,23.33,11.625,y,p,w,v,0.835,t,f,0,t,g,160,300,2009-03-07,+
439,b,23.17,0.0,u,g,cc,v,0.085,t,f,0,f,g,0,0,2008-09-03,+
440,b,44.33,0.5,u,g,i,h,5.0,t,f,0,t,g,320,0,2008-08-11,+
441,b,35.17,4.5,u,g,x,h,5.75,f,f,0,t,s,711,0,2008-10-27,+
442,b,43.25,3.0,u,g,q,h,6.0,t,t,11,f,g,80,0,2008-10-05,+
443,b,56.75,12.25,u,g,m,v,1.25,t,t,4,t,g,200,0,2008-12-31,+
444,b,31.67,16.165,u,g,d,v,3.0,t,t,9,f,g,250,730,2008-12-14,+
445,a,23.42,0.79,y,p,q,v,1.5,t,t,2,t,g,80,400,2009-07-07,+
446,a,20.42,0.835,u,g,q,v,1.585,t,t,1,f,g,0,0,2008-12-14,+
447,b,26.67,4.25,u,g,cc,v,4.29,t,t,1,t,g,120,0,2009-01-17,+
448,b,34.17,1.54,u,g,cc,v,1.54,t,t,1,t,g,520,50000,2008-09-08,+
449,a,36,1.0,u,g,c,v,2.0,t,t,11,f,g,0,456,2009-02-09,+
450,b,25.5,0.375,u,g,m,v,0.25,t,t,3,f,g,260,15108,2009-07-18,+
451,b,19.42,6.5,u,g,w,h,1.46,t,t,7,f,g,80,2954,2009-03-25,+
452,b,35.17,25.125,u,g,x,h,1.625,t,t,1,t,g,515,500,2008-07-16,+
453,b,52.5,6.5,u,g,k,v,6.29,t,t,15,f,g,0,11202,2009-02-19,+
454,b,57.83,7.04,u,g,m,v,14.0,t,t,6,t,g,360,1332,2009-05-07,+
455,a,20.75,10.335,u,g,cc,h,0.335,t,t,1,t,g,80,50,2009-01-05,+
456,b,39.92,6.21,u,g,q,v,0.04,t,t,1,f,g,200,300,2008-04-28,+
457,b,25.67,12.5,u,g,cc,v,1.21,t,t,67,t,g,140,258,2009-02-03,+
458,a,24.75,12.5,u,g,aa,v,1.5,t,t,12,t,g,120,567,2009-05-04,+
459,a,44.17,6.665,u,g,q,v,7.375,t,t,3,t,g,0,0,2009-03-09,+
460,a,23.5,9.0,u,g,q,v,8.5,t,t,5,t,g,120,0,2008-10-14,+
461,b,34.92,5.0,u,g,x,h,7.5,t,t,6,t,g,0,1000,2008-06-23,+
462,b,47.67,2.5,u,g,m,bb,2.5,t,t,12,t,g,410,2510,2009-01-19,+
463,b,22.75,11.0,u,g,q,v,2.5,t,t,7,t,g,100,809,2008-12-01,+
464,b,34.42,4.25,u,g,i,bb,3.25,t,t,2,f,g,274,610,2009-01-25,+
465,a,28.42,3.5,u,g,w,v,0.835,t,f,0,f,s,280,0,2008-07-31,+
466,b,67.75,5.5,u,g,e,z,13.0,t,t,1,t,g,0,0,2009-08-07,+
467,b,20.42,1.835,u,g,c,v,2.25,t,t,1,f,g,100,150,2008-12-19,+
468,a,47.42,8.0,u,g,e,bb,6.5,t,t,6,f,g,375,51100,2009-04-20,+
469,b,36.25,5.0,u,g,c,bb,2.5,t,t,6,f,g,0,367,2008-10-13,+
470,b,32.67,5.5,u,g,q,h,5.5,t,t,12,t,g,408,1000,2009-02-28,+
471,b,48.58,6.5,u,g,q,h,6.0,t,f,0,t,g,350,0,2009-02-18,+
472,b,39.92,0.54,y,p,aa,v,0.5,t,t,3,f,g,200,1000,2009-01-13,+
473,b,33.58,2.75,u,g,m,v,4.25,t,t,6,f,g,204,0,2008-11-25,+
474,a,18.83,9.5,u,g,w,v,1.625,t,t,6,t,g,40,600,2009-02-14,+
475,a,26.92,13.5,u,g,q,h,5.0,t,t,2,f,g,0,5000,2009-01-21,+
476,a,31.25,3.75,u,g,cc,h,0.625,t,t,9,t,g,181,0,2009-07-24,+
477,a,56.5,16.0,u,g,j,ff,0.0,t,t,15,f,g,0,247,2009-01-03,+
478,b,43,0.29,y,p,cc,h,1.75,t,t,8,f,g,100,375,2009-07-04,+
479,b,22.33,11.0,u,g,w,v,2.0,t,t,1,f,g,80,278,2009-02-02,+
480,b,27.25,1.665,u,g,cc,h,5.085,t,t,9,f,g,399,827,2008-06-21,+
481,b,32.83,2.5,u,g,cc,h,2.75,t,t,6,f,g,160,2072,2009-04-04,+
482,b,23.25,1.5,u,g,q,v,2.375,t,t,3,t,g,0,582,2009-01-25,+
483,a,40.33,7.54,y,p,q,h,8.0,t,t,14,f,g,0,2300,2008-12-24,+
484,a,30.5,6.5,u,g,c,bb,4.0,t,t,7,t,g,0,3065,2009-11-29,+
485,a,52.83,15.0,u,g,c,v,5.5,t,t,14,f,g,0,2200,2008-11-08,+
486,a,46.67,0.46,u,g,cc,h,0.415,t,t,11,t,g,440,6,2009-01-14,+
487,a,58.33,10.0,u,g,q,v,4.0,t,t,14,f,g,0,1602,2009-08-20,+
488,b,37.33,6.5,u,g,m,h,4.25,t,t,12,t,g,93,0,2008-04-19,+
489,b,23.08,2.5,u,g,c,v,1.085,t,t,11,t,g,60,2184,2009-06-09,+
490,b,32.75,1.5,u,g,cc,h,5.5,t,t,3,t,g,0,0,2008-11-27,+
491,a,21.67,11.5,y,p,j,j,0.0,t,t,11,t,g,0,0,2008-05-24,+
492,a,28.5,3.04,y,p,x,h,2.54,t,t,1,f,g,70,0,2009-09-10,+
493,a,68.67,15.0,u,g,e,z,0.0,t,t,14,f,g,0,3376,2008-09-30,+
494,b,28,2.0,u,g,k,h,4.165,t,t,2,t,g,181,0,2008-07-24,+
495,b,34.08,0.08,y,p,m,bb,0.04,t,t,1,t,g,280,2000,2008-08-20,+
496,b,27.67,2.0,u,g,x,h,1.0,t,t,4,f,g,140,7544,2009-02-09,+
497,b,44,2.0,u,g,m,v,1.75,t,t,2,t,g,0,15,2009-04-11,+
498,b,25.08,1.71,u,g,x,v,1.665,t,t,1,t,g,395,20,2009-01-01,+
499,b,32,1.75,y,p,e,h,0.04,t,f,0,t,g,393,0,2009-02-24,+
500,a,60.58,16.5,u,g,q,v,11.0,t,f,0,t,g,21,10561,2008-08-30,+
501,a,40.83,10.0,u,g,q,h,1.75,t,f,0,f,g,29,837,2009-02-11,+
502,b,19.33,9.5,u,g,q,v,1.0,t,f,0,t,g,60,400,2009-04-16,+
503,a,32.33,0.54,u,g,cc,v,0.04,t,f,0,f,g,440,11177,2008-10-09,+
504,b,36.67,3.25,u,g,q,h,9.0,t,f,0,t,g,102,639,2008-03-06,+
505,b,37.5,1.125,y,p,d,v,1.5,f,f,0,t,g,431,0,2009-02-25,+
506,a,25.08,2.54,y,p,aa,v,0.25,t,f,0,t,g,370,0,2009-03-08,+
507,b,41.33,0.0,u,g,c,bb,15.0,t,f,0,f,g,0,0,2008-10-18,+
508,b,56,12.5,u,g,k,h,8.0,t,f,0,t,g,24,2028,2009-06-29,+
509,a,49.83,13.585,u,g,k,h,8.5,t,f,0,t,g,0,0,2008-07-27,+
510,b,22.67,10.5,u,g,q,h,1.335,t,f,0,f,g,100,0,2009-04-13,+
511,b,27,1.5,y,p,w,v,0.375,t,f,0,t,g,260,1065,2009-01-31,+
512,b,25,12.5,u,g,aa,v,3.0,t,f,0,t,s,20,0,2009-04-29,+
513,a,26.08,8.665,u,g,aa,v,1.415,t,f,0,f,g,160,150,2008-02-22,+
514,a,18.42,9.25,u,g,q,v,1.21,t,t,4,f,g,60,540,2009-04-09,+
515,b,20.17,8.17,u,g,aa,v,1.96,t,t,14,f,g,60,158,2008-11-19,+
516,b,47.67,0.29,u,g,c,bb,15.0,t,t,20,f,g,0,15000,2008-10-25,+
517,a,21.25,2.335,u,g,i,bb,0.5,t,t,4,f,s,80,0,2009-10-26,+
518,a,20.67,3.0,u,g,q,v,0.165,t,t,3,f,g,100,6,2009-08-18,+
519,a,57.08,19.5,u,g,c,v,5.5,t,t,7,f,g,0,3000,2009-08-12,+
520,a,22.42,5.665,u,g,q,v,2.585,t,t,7,f,g,129,3257,2009-02-18,+
521,b,48.75,8.5,u,g,c,h,12.5,t,t,9,f,g,181,1655,2009-09-11,+
522,b,40,6.5,u,g,aa,bb,3.5,t,t,1,f,g,0,500,2008-10-04,+
523,b,40.58,5.0,u,g,c,v,5.0,t,t,7,f,g,0,3065,2009-05-26,+
524,a,28.67,1.04,u,g,c,v,2.5,t,t,5,t,g,300,1430,2008-12-02,+
525,a,33.08,4.625,u,g,q,h,1.625,t,t,2,f,g,0,0,2008-09-21,+
526,b,21.33,10.5,u,g,c,v,3.0,t,f,0,t,g,0,0,2008-11-02,+
527,b,42,0.205,u,g,i,h,5.125,t,f,0,f,g,400,0,2008-10-08,+
528,b,41.75,0.96,u,g,x,v,2.5,t,f,0,f,g,510,600,2008-09-29,+
529,b,22.67,1.585,y,p,w,v,3.085,t,t,6,f,g,80,0,2009-03-05,+
530,b,34.5,4.04,y,p,i,bb,8.5,t,t,7,t,g,195,0,2009-03-28,+
531,b,28.25,5.04,y,p,c,bb,1.5,t,t,8,t,g,144,7,2009-03-17,+
532,b,33.17,3.165,y,p,x,v,3.165,t,t,3,t,g,380,0,2008-12-20,+
533,b,48.17,7.625,u,g,w,h,15.5,t,t,12,f,g,0,790,2009-04-27,+
534,b,27.58,2.04,y,p,aa,v,2.0,t,t,3,t,g,370,560,2009-02-11,+
535,b,22.58,10.04,u,g,x,v,0.04,t,t,9,f,g,60,396,2008-11-16,+
536,a,24.08,0.5,u,g,q,h,1.25,t,t,1,f,g,0,678,2009-01-06,+
537,a,41.33,1.0,u,g,i,bb,2.25,t,f,0,t,g,0,300,2008-11-14,+
538,b,24.83,2.75,u,g,c,v,2.25,t,t,6,f,g,?,600,2009-03-11,+
539,a,20.75,10.25,u,g,q,v,0.71,t,t,2,t,g,49,0,2008-12-23,+
540,b,36.33,2.125,y,p,w,v,0.085,t,t,1,f,g,50,1187,2009-02-24,+
541,a,35.42,12.0,u,g,q,h,14.0,t,t,8,f,g,0,6590,2008-04-18,+
542,a,71.58,0.0,?,?,?,?,0.0,f,f,0,f,p,?,0,2009-01-03,+
543,b,28.67,9.335,u,g,q,h,5.665,t,t,6,f,g,381,168,2009-05-12,+
544,b,35.17,2.5,u,g,k,v,4.5,t,t,7,f,g,150,1270,2008-12-26,+
545,b,39.5,4.25,u,g,c,bb,6.5,t,t,16,f,g,117,1210,2008-08-19,+
546,b,39.33,5.875,u,g,cc,h,10.0,t,t,14,t,g,399,0,2009-05-19,+
547,b,24.33,6.625,y,p,d,v,5.5,t,f,0,t,s,100,0,2008-09-06,+
548,b,60.08,14.5,u,g,ff,ff,18.0,t,t,15,t,g,0,1000,2009-02-14,+
549,b,23.08,11.5,u,g,i,v,3.5,t,t,9,f,g,56,742,2008-06-22,+
550,b,26.67,2.71,y,p,cc,v,5.25,t,t,1,f,g,211,0,2009-05-19,+
551,b,48.17,3.5,u,g,aa,v,3.5,t,f,0,f,s,230,0,2008-03-31,+
552,b,41.17,4.04,u,g,cc,h,7.0,t,t,8,f,g,320,0,2009-02-03,+
553,b,55.92,11.5,u,g,ff,ff,5.0,t,t,5,f,g,0,8851,2008-08-22,+
554,b,53.92,9.625,u,g,e,v,8.665,t,t,5,f,g,0,0,2009-02-09,+
555,a,18.92,9.25,y,p,c,v,1.0,t,t,4,t,g,80,500,2009-05-08,+
556,a,50.08,12.54,u,g,aa,v,2.29,t,t,3,t,g,156,0,2008-10-13,+
557,b,65.42,11.0,u,g,e,z,20.0,t,t,7,t,g,22,0,2009-06-04,+
558,a,17.58,9.0,u,g,aa,v,1.375,t,f,0,t,g,0,0,2008-06-23,+
559,a,18.83,9.54,u,g,aa,v,0.085,t,f,0,f,g,100,0,2009-01-14,+
560,a,37.75,5.5,u,g,q,v,0.125,t,f,0,t,g,228,0,2009-05-25,+
561,b,23.25,4.0,u,g,c,bb,0.25,t,f,0,t,g,160,0,2009-12-28,+
562,b,18.08,5.5,u,g,k,v,0.5,t,f,0,f,g,80,0,2009-03-06,+
563,a,22.5,8.46,y,p,x,v,2.46,f,f,0,f,g,164,0,2008-12-04,+
564,b,19.67,0.375,u,g,q,v,2.0,t,t,2,t,g,80,0,2008-09-19,+
565,b,22.08,11.0,u,g,cc,v,0.665,t,f,0,f,g,100,0,2009-01-04,+
566,b,25.17,3.5,u,g,cc,v,0.625,t,t,7,f,g,0,7059,2008-06-08,+
567,a,47.42,3.0,u,g,x,v,13.875,t,t,2,t,g,519,1704,2008-12-11,+
568,b,33.5,1.75,u,g,x,h,4.5,t,t,4,t,g,253,857,2008-10-14,+
569,b,27.67,13.75,u,g,w,v,5.75,t,f,0,t,g,487,500,2009-04-09,+
570,a,58.42,21.0,u,g,i,bb,10.0,t,t,13,f,g,0,6700,2009-01-27,+
571,a,20.67,1.835,u,g,q,v,2.085,t,t,5,f,g,220,2503,2008-10-13,+
572,b,26.17,0.25,u,g,i,bb,0.0,t,f,0,t,g,0,0,2008-07-21,+
573,b,21.33,7.5,u,g,aa,v,1.415,t,t,1,f,g,80,9800,2008-11-24,+
574,b,42.83,4.625,u,g,q,v,4.58,t,f,0,f,s,0,0,2008-11-12,+
575,b,38.17,10.125,u,g,x,v,2.5,t,t,6,f,g,520,196,2008-07-31,+
576,b,20.5,10.0,y,p,c,v,2.5,t,f,0,f,s,40,0,2009-06-13,+
577,b,48.25,25.085,u,g,w,v,1.75,t,t,3,f,g,120,14,2009-05-19,+
578,b,28.33,5.0,u,g,w,v,11.0,t,f,0,t,g,70,0,2008-11-19,+
579,a,18.75,7.5,u,g,q,v,2.71,t,t,5,f,g,?,26726,2009-02-25,+
580,b,18.5,2.0,u,g,i,v,1.5,t,t,2,f,g,120,300,2008-12-07,+
581,b,33.17,3.04,y,p,c,h,2.04,t,t,1,t,g,180,18027,2009-03-12,+
582,b,45,8.5,u,g,cc,h,14.0,t,t,1,t,g,88,2000,2008-10-08,+
583,a,19.67,0.21,u,g,q,h,0.29,t,t,11,f,g,80,99,2008-12-11,+
584,?,24.5,12.75,u,g,c,bb,4.75,t,t,2,f,g,73,444,2009-01-22,+
585,b,21.83,11.0,u,g,x,v,0.29,t,t,6,f,g,121,0,2008-12-26,+
586,b,40.25,21.5,u,g,e,z,20.0,t,t,11,f,g,0,1200,2008-12-21,+
587,b,41.42,5.0,u,g,q,h,5.0,t,t,6,t,g,470,0,2009-02-17,+
588,a,17.83,11.0,u,g,x,h,1.0,t,t,11,f,g,0,3000,2009-05-27,+
589,b,23.17,11.125,u,g,x,h,0.46,t,t,1,f,g,100,0,2008-04-30,+
590,b,59.67,1.54,u,g,q,v,0.125,t,f,0,t,g,260,0,2008-10-31,+
591,b,18,0.165,u,g,q,n,0.21,f,f,0,f,g,200,40,2008-02-10,+
592,b,37.58,0.0,?,?,?,?,0.0,f,f,0,f,p,?,0,2008-03-09,+
593,b,17.5,22.0,l,gg,ff,o,0.0,f,f,0,t,p,450,100000,2008-11-13,+
594,b,19.17,0.0,y,p,m,bb,0.0,f,f,0,t,s,500,1,2009-04-20,+
595,b,36.75,0.125,y,p,c,v,1.5,f,f,0,t,g,232,113,2008-10-12,+
596,b,21.25,1.5,u,g,w,v,1.5,f,f,0,f,g,150,8,2008-11-16,+
597,a,18.08,0.375,l,gg,cc,ff,10.0,f,f,0,t,s,300,0,2008-08-11,+
598,a,33.67,0.375,u,g,cc,v,0.375,f,f,0,f,g,300,44,2009-04-08,+
599,b,48.58,0.205,y,p,k,v,0.25,t,t,11,f,g,380,2732,2009-01-06,+
600,a,47.25,0.75,u,g,q,h,2.75,t,t,1,f,g,333,892,2009-03-07,+
601,b,24.17,0.875,u,g,q,v,4.625,t,t,2,t,g,520,2000,2008-05-20,+
602,b,39.25,9.5,u,g,m,v,6.5,t,t,14,f,g,240,4607,2008-11-10,+
603,a,20.5,11.835,u,g,c,h,6.0,t,f,0,f,g,340,0,2009-05-03,+
604,a,18.83,4.415,y,p,c,h,3.0,t,f,0,f,g,240,0,2009-02-11,+
605,b,19.17,9.5,u,g,w,v,1.5,t,f,0,f,g,120,2206,2008-10-28,+
606,a,25,0.875,u,g,x,h,1.04,t,f,0,t,g,160,5860,2009-02-28,+
607,b,20.17,9.25,u,g,c,v,1.665,t,t,3,t,g,40,28,2008-11-30,+
608,b,25.75,0.5,u,g,c,v,1.46,t,t,5,t,g,312,0,2008-10-02,+
609,b,20.42,7.0,u,g,c,v,1.625,t,t,3,f,g,200,1391,2009-03-24,+
610,b,?,4.0,u,g,x,v,5.0,t,t,3,t,g,290,2279,2009-05-02,+
611,b,39,5.0,u,g,cc,v,3.5,t,t,10,t,g,0,0,2009-01-20,+
612,a,64.08,0.165,u,g,ff,ff,0.0,t,t,1,f,g,232,100,2008-08-18,+
613,b,28.25,5.125,u,g,x,v,4.75,t,t,2,f,g,420,7,2008-11-25,+
614,a,28.75,3.75,u,g,c,v,1.085,t,t,1,t,g,371,0,2008-10-25,+
615,b,31.33,19.5,u,g,c,v,7.0,t,t,16,f,g,0,5000,2009-07-23,+
616,a,18.92,9.0,u,g,aa,v,0.75,t,t,2,f,g,88,591,2008-08-10,+
617,a,24.75,3.0,u,g,q,h,1.835,t,t,19,f,g,0,500,2009-01-17,+
618,a,30.67,12.0,u,g,c,v,2.0,t,t,1,f,g,220,19,2009-02-11,+
619,b,21,4.79,y,p,w,v,2.25,t,t,1,t,g,80,300,2008-11-06,+
620,b,13.75,4.0,y,p,w,v,1.75,t,t,2,t,g,120,1000,2008-12-14,+
621,a,46,4.0,u,g,j,j,0.0,t,f,0,f,g,100,960,2009-06-19,+
622,a,44.33,0.0,u,g,c,v,2.5,t,f,0,f,g,0,0,2009-08-13,+
623,b,20.25,9.96,u,g,e,dd,0.0,t,f,0,f,g,0,0,2009-04-05,+
624,b,22.67,2.54,y,p,c,h,2.585,t,f,0,f,g,0,0,2009-04-20,+
625,b,?,10.5,u,g,x,v,6.5,t,f,0,f,g,0,0,2009-04-06,+
626,a,60.92,5.0,u,g,aa,v,4.0,t,t,4,f,g,0,99,2009-04-04,+
627,b,16.08,0.75,u,g,c,v,1.75,t,t,5,t,g,352,690,2008-08-22,+
628,a,28.17,0.375,u,g,q,v,0.585,t,t,4,f,g,80,0,2008-10-06,+
629,b,39.17,1.71,u,g,x,v,0.125,t,t,5,t,g,480,0,2008-12-21,+
630,?,20.42,7.5,u,g,k,v,1.5,t,t,1,f,g,160,234,2009-02-16,+
631,a,30,5.29,u,g,e,dd,2.25,t,t,5,t,g,99,500,2009-04-20,+
632,b,22.83,3.0,u,g,m,v,1.29,t,t,1,f,g,260,800,2008-08-16,+
633,b,23.92,1.5,u,g,d,h,1.875,t,t,6,f,g,200,327,2008-11-15,+
634,b,33.17,1.0,u,g,x,v,0.75,t,t,7,t,g,340,4071,2008-06-06,+
635,b,48.33,12.0,u,g,m,v,16.0,t,f,0,f,s,110,0,2009-01-30,+
636,b,76.75,22.29,u,g,e,z,12.75,t,t,1,t,g,0,109,2008-10-04,+
637,b,51.33,10.0,u,g,i,bb,0.0,t,t,11,f,g,0,1249,2009-05-11,+
638,b,34.75,15.0,u,g,r,n,5.375,t,t,9,t,g,0,134,2008-08-16,+
639,b,38.58,3.335,u,g,w,v,4.0,t,t,14,f,g,383,1344,2009-05-02,+
640,a,22.42,11.25,y,p,x,h,0.75,t,t,4,f,g,0,321,2008-08-17,+
641,b,41.92,0.42,u,g,c,h,0.21,t,t,6,f,g,220,948,2009-01-02,+
642,b,29.58,4.5,u,g,w,v,7.5,t,t,2,t,g,330,0,2009-01-13,+
643,a,32.17,1.46,u,g,w,v,1.085,t,t,16,f,g,120,2079,2008-08-17,+
644,b,51.42,0.04,u,g,x,h,0.04,t,f,0,f,g,0,3000,2009-05-31,+
645,a,22.83,2.29,u,g,q,h,2.29,t,t,7,t,g,140,2384,2009-06-21,+
646,a,25,12.33,u,g,cc,h,3.5,t,t,6,f,g,400,458,2008-10-05,+
647,b,26.75,1.125,u,g,x,h,1.25,t,f,0,f,g,0,5298,2009-06-07,+
648,b,23.33,1.5,u,g,c,h,1.415,t,f,0,f,g,422,200,2009-04-25,+
649,b,24.42,12.335,u,g,q,h,1.585,t,f,0,t,g,120,0,2008-12-30,+
650,b,42.17,5.04,u,g,q,h,12.75,t,f,0,t,g,92,0,2008-07-13,+
651,a,20.83,3.0,u,g,aa,v,0.04,t,f,0,f,g,100,0,2008-11-03,+
652,b,23.08,11.5,u,g,w,h,2.125,t,t,11,t,g,290,284,2009-04-21,+
653,a,25.17,2.875,u,g,x,h,0.875,t,f,0,f,g,360,0,2008-12-31,+
654,b,43.08,0.375,y,p,c,v,0.375,t,t,8,t,g,300,162,2008-11-29,+
655,a,35.75,0.915,u,g,aa,v,0.75,t,t,4,f,g,0,1583,2009-01-13,+
656,b,59.5,2.75,u,g,w,v,1.75,t,t,5,t,g,60,58,2009-05-15,+
657,b,21,3.0,y,p,d,v,1.085,t,t,8,t,g,160,1,2008-06-14,+
658,b,21.92,0.54,y,p,x,v,0.04,t,t,1,t,g,840,59,2009-03-14,+
659,a,65.17,14.0,u,g,ff,ff,0.0,t,t,11,t,g,0,1400,2008-10-26,+
660,a,20.33,10.0,u,g,c,h,1.0,t,t,4,f,g,50,1465,2009-03-02,+
661,b,32.25,0.165,y,p,c,h,3.25,t,t,1,t,g,432,8000,2008-04-28,+
662,b,30.17,0.5,u,g,c,v,1.75,t,t,11,f,g,32,540,2008-12-09,+
663,b,25.17,6.0,u,g,c,v,1.0,t,t,3,f,g,0,0,2008-12-04,+
664,b,39.17,1.625,u,g,c,v,1.5,t,t,10,f,g,186,4700,2008-12-07,+
665,b,39.08,6.0,u,g,m,v,1.29,t,t,5,t,g,108,1097,2009-05-07,+
666,b,31.67,0.83,u,g,x,v,1.335,t,t,8,t,g,303,3290,2009-02-24,+
667,b,41,0.04,u,g,e,v,0.04,f,t,1,f,s,560,0,2009-03-12,+
668,b,48.5,4.25,u,g,m,v,0.125,t,f,0,t,g,225,0,2009-03-23,+
669,b,32.67,9.0,y,p,w,h,5.25,t,f,0,t,g,154,0,2009-01-12,+
670,a,28.08,15.0,y,p,e,z,0.0,t,f,0,f,g,0,13212,2009-02-20,+
671,b,73.42,17.75,u,g,ff,ff,0.0,t,f,0,t,g,0,0,2008-09-18,+
672,b,64.08,20.0,u,g,x,h,17.5,t,t,9,t,g,0,1000,2009-06-02,+
673,b,51.58,15.0,u,g,c,v,8.5,t,t,9,f,g,0,0,2009-08-27,+
674,b,26.67,1.75,y,p,c,v,1.0,t,t,5,t,g,160,5777,2009-03-08,+
675,b,25.33,0.58,u,g,c,v,0.29,t,t,7,t,g,96,5124,2008-11-07,+
676,b,30.17,6.5,u,g,cc,v,3.125,t,t,8,f,g,330,1200,2009-01-07,+
677,b,27,0.75,u,g,c,h,4.25,t,t,3,t,g,312,150,2008-09-11,+
678,b,23.17,0.0,?,?,?,?,0.0,f,f,0,f,p,?,0,2009-01-26,+
679,b,34.17,5.25,u,g,w,v,0.085,f,f,0,t,g,290,6,2009-04-22,+
680,b,38.67,0.21,u,g,k,v,0.085,t,f,0,t,g,280,0,2009-07-05,+
681,b,25.75,0.75,u,g,c,bb,0.25,t,f,0,f,g,349,23,2008-05-25,+
682,a,46.08,3.0,u,g,c,v,2.375,t,t,8,t,g,396,4159,2008-12-21,+
683,a,21.5,6.0,u,g,aa,v,2.5,t,t,3,f,g,80,918,2009-02-26,+
684,?,20.08,0.125,u,g,q,v,1.0,f,t,1,f,g,240,768,2008-11-29,+
685,b,20.5,2.415,u,g,c,v,2.0,t,t,11,t,g,200,3000,2008-12-18,+
686,a,29.5,0.46,u,g,k,v,0.54,t,t,4,f,g,380,500,2009-05-04,+
687,b,16.17,0.04,u,g,c,v,0.04,f,f,0,f,g,0,0,2009-04-05,+
688,b,22.67,0.165,u,g,c,j,2.25,f,f,0,t,s,0,0,2009-01-22,+
689,a,25.58,0.0,?,?,?,?,0.0,f,f,0,f,p,?,0,2008-12-16,+
